Batch,Artworked,Approved,Sent to production,Produced,Status,Quantity,FA,CAD Plan Number,Sequential Number,Transition,Transition Action,Sign ID,Sign Code,Level,MS1 Arrow,Picto,Message Side 1,MS2 Arrow,Picto,Message Side 2,Fixing,Notes,Rev,Revision Date
CANCELLED,CANCELLED,CANCELLED,,,CANCELLED,0,ALL,UAC-115-MS,001,,,UAC-115-MS-001.,PO-S,,g,,Uniform & Accreditation Centre,,,,,,,
CANCELLED,CANCELLED,CANCELLED,,,CANCELLED,0,ALL,UAC-115-MS,002,,,UAC-115-MS-002.,PO-S,,g,,Uniform & Accreditation Centre,,,,,,,
CANCELLED,CANCELLED,CANCELLED,,,CANCELLED,0,ALL,UAC-115-MS,003,,,UAC-115-MS-003.,PO-S,,g,,Uniform & Accreditation Centre,,,,,,,
CANCELLED,CANCELLED,CANCELLED,,,CANCELLED,0,"WKF,ALL",UAC-115-MS,004,,,UAC-115-MS-004.,PO-S,,"f

g",,"Uniform & Accreditation Centre

Lost & Found Claims Centre",,,,,,,
1,"Steph 05/10, Stu 16/10",Aude 17/10,Batch 1 - 14/11,,OK,1,"WKF,ACR,SPS",UAC-115-MS,005,,,UAC-115-MS-005.,PO-S,Ground,f,"
<L&F>","Uniform & Accreditation Centre
Lost & Found Claims Centre",,,,Wall Mounted,Use holes already drilled,AG,31-Oct-17
CANCELLED,CANCELLED,CANCELLED,CANCELLED,CANCELLED,CANCELLED,0,"SPT,WKF",UAC-115-MS,006,,,UAC-115-MS-006.,PI-M,,,<TF><CIR>,,,,,Fence Mounted,,AG,7-Jun-17
CANCELLED,CANCELLED,CANCELLED,CANCELLED,CANCELLED,CANCELLED,0,,UAC-115-MS,007,,,UAC-115-MS-007.,FR-LZ,,,<CIR>,,,,,,Combined with TO,,
CANCELLED,CANCELLED,CANCELLED,,,CANCELLED,0,"WKF,SPT",UAC-115-MS,008,,,UAC-115-MS-008.,PO-S,,"h

g",,"Technical Officials Entry

Workforce Entry
Lost & Found Claims Center",,,,Fence Mounted,,AG,7-Jun-17
CANCELLED,CANCELLED,CANCELLED,,,CANCELLED,0,SPT,UAC152-MS,009,,,UAC152-MS-009.,PO-S,,f,,Technical Officials Entry,,,,Fence Mounted,,AG,7-Jun-17
CANCELLED,CANCELLED,CANCELLED,,,CANCELLED,0,ALL,UAC152-MS,010,,,UAC152-MS-010.,PO-S,,g,,Welcome Desk,,,,,Scrim acts as Wayfinding,AG,7-Jun-17
CANCELLED,CANCELLED,CANCELLED,,,CANCELLED,0,ALL,UAC152-MS,011,,,UAC152-MS-011.,PO-S,,f,,Welcome Desk,,,,,Scrim acts as Wayfinding,AG,7-Jun-17
CANCELLED,CANCELLED,CANCELLED,,,CANCELLED,0,WKF,UAC-115-MS,012,,,UAC-115-MS-012.,PO-S,,g,,Workforce Check-in,,,,,,,
1,"Steph 05/10, Stu 16/10",Aude 17/10,Batch 1 - 14/11,,OK,1,SPS,UAC-115-MS,013,,,UAC-115-MS-013.,PO-S,Ground,g,<L&F>,Lost & Found Claims Centre,,,,Fence Mounted,Cable Ties,AG,31-Oct-17
1,"Steph 05/10, Stu 16/10",Aude 17/10,Batch 1 - 14/11,,OK,1,"WKF,ACR,SPS",UAC-115-MS,014,,,UAC-115-MS-014.,PO-S,Ground,"h

fh

fh

fh

fh

fh

f",<L&F>,"Lost & Found Claims Centre

Uniform & Accreditation CentreLost & Found Claims Centre

Uniform & Accreditation CentreLost & Found Claims Centre

Uniform & Accreditation CentreLost & Found Claims Centre

Uniform & Accreditation CentreLost & Found Claims Centre

Uniform & Accreditation CentreLost & Found Claims Centre

Uniform & Accreditation Centre",,,,Wall Mounted,Double Sided Tape,AG,31-Oct-17
CANCELLED,CANCELLED,CANCELLED,,,CANCELLED,0,,UAC-115-MS,015,,,UAC-115-MS-015.,PO-S,,h,,Lost & Found Claims Centre,,,,Fence mounted,On gate next water tanks ?,AG,7-Jun-17
CANCELLED,CANCELLED,CANCELLED,CANCELLED,CANCELLED,CANCELLED,0,,UAC-115-MS,016,,,UAC-115-MS-016.,PI-M,,,<TX>,,,,,Fence mounted,,AG,7-Jun-17
1,"Steph 05/10, Stu 16/10",Aude 17/10,Batch 1 - 14/11,,OK,1,"WKF,ACR,SPS",UAC-115-MS,017,,,UAC-115-MS-017.,PO-S,Ground,"f

gf

gf

gf

gf

gf

g","

<L&F>

<L&F>

<L&F>

<L&F>

<L&F>

<L&F>","Uniform & Accreditation Centre

Lost & Found Claims CentreUniform & Accreditation Centre

Lost & Found Claims CentreUniform & Accreditation Centre

Lost & Found Claims CentreUniform & Accreditation Centre

Lost & Found Claims CentreUniform & Accreditation Centre

Lost & Found Claims CentreUniform & Accreditation Centre

Lost & Found Claims Centre",,,,Fence Mounted,Cable Ties,AG,31-Oct-17
1,"Steph 05/10, Stu 16/10",Aude 17/10,Batch 1 - 14/11,,OK,1,"WKF,ACR,SPS",UAC-115-MS,018,,,UAC-115-MS-018.,PO-S,Ground,"f

gf

gf

gf

gf

gf

g","

<L&F>

<L&F>

<L&F>

<L&F>

<L&F>

<L&F>","Uniform & Accreditation Centre

Lost & Found Claims CentreUniform & Accreditation Centre

Lost & Found Claims CentreUniform & Accreditation Centre

Lost & Found Claims CentreUniform & Accreditation Centre

Lost & Found Claims CentreUniform & Accreditation Centre

Lost & Found Claims CentreUniform & Accreditation Centre

Lost & Found Claims Centre",,,,Fence Mounted,Cable Ties,AG,31-Oct-17
1,"Steph 05/10, Stu 16/10",Aude 17/10,Batch 1 - 14/11,,OK,1,"WKF,ACR,SPS",UAC-115-MS,019,,,UAC-115-MS-019.,PO-S,Ground,"f

gf

gf

gf

gf

gf

g","

<L&F>

<L&F>

<L&F>

<L&F>

<L&F>

<L&F>","Uniform & Accreditation Centre

Lost & Found Claims CentreUniform & Accreditation Centre

Lost & Found Claims CentreUniform & Accreditation Centre

Lost & Found Claims CentreUniform & Accreditation Centre

Lost & Found Claims CentreUniform & Accreditation Centre

Lost & Found Claims CentreUniform & Accreditation Centre

Lost & Found Claims Centre",,,,Fence Mounted,Cable Ties,AG,31-Oct-17
1,"Steph 05/10, Stu 16/10",Aude 17/10,Batch 1 - 14/11,,OK,1,"WKF,ACR,SPS",UAC-115-MS,020,,,UAC-115-MS-020.,PO-S,Ground,"f

gf

gf

gf

gf

gf

g","

<L&F>

<L&F>

<L&F>

<L&F>

<L&F>

<L&F>","Uniform & Accreditation Centre

Lost & Found Claims CentreUniform & Accreditation Centre

Lost & Found Claims CentreUniform & Accreditation Centre

Lost & Found Claims CentreUniform & Accreditation Centre

Lost & Found Claims CentreUniform & Accreditation Centre

Lost & Found Claims CentreUniform & Accreditation Centre

Lost & Found Claims Centre",,,,Fence Mounted,Cable Ties,AG,31-Oct-17
1,"Steph 05/10, Stu 16/10",Aude 17/10,Batch 1 - 14/11,,OK,1,"WKF,ACR,SPS",UAC-115-MS,021,,,UAC-115-MS-021.,PO-S,Ground,"f

gf

gf

gf

gf

gf

g","

<L&F>

<L&F>

<L&F>

<L&F>

<L&F>

<L&F>","Uniform & Accreditation Centre

Lost & Found Claims CentreUniform & Accreditation Centre

Lost & Found Claims CentreUniform & Accreditation Centre

Lost & Found Claims CentreUniform & Accreditation Centre

Lost & Found Claims CentreUniform & Accreditation Centre

Lost & Found Claims CentreUniform & Accreditation Centre

Lost & Found Claims Centre",,,,Wall Mounted,Use holes already drilled,AG,31-Oct-17
1,"Steph 05/10, Stu 16/10",Aude 17/10,Batch 1 - 14/11,,OK,1,"WKF,ACR,SPS",UAC-115-MS,022,,,UAC-115-MS-022.,PO-S,Ground,"f

gf

gf

gf

gf

gf

g","

<L&F>

<L&F>

<L&F>

<L&F>

<L&F>

<L&F>","Uniform & Accreditation Centre

Lost & Found Claims CentreUniform & Accreditation Centre

Lost & Found Claims CentreUniform & Accreditation Centre

Lost & Found Claims CentreUniform & Accreditation Centre

Lost & Found Claims CentreUniform & Accreditation Centre

Lost & Found Claims CentreUniform & Accreditation Centre

Lost & Found Claims Centre",,,,Wall Mounted,Use holes already drilled,AG,31-Oct-17
1,"Steph 05/10, Stu 16/10",Aude 17/10,Batch 1 - 14/11,,OK,1,"WKF,ACR,SPS",UAC-115-MS,023,,,UAC-115-MS-023.,PO-S,Ground,"f

gf

gf

gf

gf

gf

g","

<L&F>

<L&F>

<L&F>

<L&F>

<L&F>

<L&F>","Uniform & Accreditation Centre

Lost & Found Claims CentreUniform & Accreditation Centre

Lost & Found Claims CentreUniform & Accreditation Centre

Lost & Found Claims CentreUniform & Accreditation Centre

Lost & Found Claims CentreUniform & Accreditation Centre

Lost & Found Claims CentreUniform & Accreditation Centre

Lost & Found Claims Centre",,,,Wall Mounted,Use holes already drilled,AG,31-Oct-17
1,Steph  05/10,Aude 16/10,Batch 1 - 14/11,,OK,1,SPS,UAC152-MS,024,,,UAC152-MS-024.,FA-S,Ground,,<F&L>,Lost & Found Claims Centre,,,,Wall Mounted,Double Sided Tape,AG,31-Oct-17
1,Steph  05/10,Aude 16/10,Batch 1 - 14/11,,OK,1,ALL,UAC153-MS,025,,,UAC153-MS-025.,FA-S,Level 1,,,Venue Operations Centre (VOC),,,,Wall Mounted,Double Sided Tape,AG,31-Oct-17
CANCELLED,CANCELLED,CANCELLED,,,CANCELLED,0,,UAC152-MS,026,,,UAC152-MS-026.,FA-L,,,,Workforce Break Area,,,,,,,
1,Steph  05/10,Aude 16/10,Batch 1 - 14/11,,OK,1,WKF,UAC152-MS,027,,,UAC152-MS-027.,FA-L,Ground,,,Workforce Check-in & Break Area,,,,Wall Mounted,Double Sided Tape,AG,31-Oct-17
1,Steph  05/10,Aude 16/10,Batch 1 - 14/11,,OK,1,"WKF,ACR",UAC152-MS,028,,,UAC152-MS-028.,FA-L,Ground,,,Uniform & Accreditation Centre,,,,Wall Mounted,Double Sided Tape,AG,31-Oct-17
1,Steph  05/10,Aude 16/10,Batch 1 - 14/11,,OK,1,"WKF,ACR",UAC152-MS,029,,,UAC152-MS-029.,FA-L,Ground,,,Uniform & Accreditation Centre,,,,Fence Mounted,Cale Ties - On the inside of the Door,AG,31-Oct-17
CANCELLED,CANCELLED,CANCELLED,,,CANCELLED,0,WKF,UAC152-MS,030,,,UAC152-MS-030.,PO-S,,"f

gf

gf

gf

gf

g",,"Uniform Centre

ExitUniform Centre

ExitUniform Centre

ExitUniform Centre

ExitUniform Centre

Exit",,,,Wall Mounted,Will appear on CADs on V3,AG,30-Jun-17
1,Steph 05/10,Aude 31/10,Batch 1 - 14/11,,OK,1,WKF,UAC152-MS,031,,,UAC152-MS-031.,FA-S,Ground,g,,Uniform Collection,,,,Wall Mounted,Double Sided Tape,AG,31-Oct-17
1,"Steph  05/10, 16/10",Aude 16/10,Batch 1 - 14/11,,OK,1,ALL,UAC152-MS,032,,,UAC152-MS-032.,FA-S,Ground,,<WC><ACC>,Toilets,,,,Fence Mounted,Cable Ties,AG,31-Oct-17
1- CANCELLED,Steph  05/10,CANCELLED,CANCELLED,CANCELLED,CANCELLED,0,"WKF,ACR,SPS",UAC-115-MS,033,,,UAC-115-MS-033.,FA-L,Ground,,<L&F>,Lost & Found Claims Centre,,,,Wall Mounted,,AG,15-Sep-17
1,"Steph 05/10, Stu 16/10",Aude 17/10,Batch 1 - 14/11,,OK,1,"WKF,ACR,SPS",UAC-115-MS,034,,,UAC-115-MS-034.,PO-S,Ground,f,"
<L&F>
<L&F>
<L&F>
<L&F>
<L&F>","Uniform & Accreditation Centre
Lost & Found Claims CentreUniform & Accreditation Centre
Lost & Found Claims CentreUniform & Accreditation Centre
Lost & Found Claims CentreUniform & Accreditation Centre
Lost & Found Claims CentreUniform & Accreditation Centre
Lost & Found Claims Centre",,,,Wall Mounted,Use holes already drilled,AG,31-Oct-17
1,"Steph 05/10, Stu 16/10",Aude 17/10,Batch 1 - 14/11,,OK,1,"WKF,ACR,SPS",UAC-115-MS,035,,,UAC-115-MS-035.,PO-S,Ground,f,"
<L&F>
<L&F>
<L&F>
<L&F>
<L&F>","Uniform & Accreditation Centre
Lost & Found Claims CentreUniform & Accreditation Centre
Lost & Found Claims CentreUniform & Accreditation Centre
Lost & Found Claims CentreUniform & Accreditation Centre
Lost & Found Claims CentreUniform & Accreditation Centre
Lost & Found Claims Centre",,,,Wall Mounted,Cable Ties,AG,31-Oct-17
1,"Steph 05/10, Stu 16/10",Aude 17/10,Batch 1 - 14/11,,OK,1,"WKF,ACR,SPS",UAC-115-MS,036,,,UAC-115-MS-036.,PO-S,Ground,f,"
<L&F>
<L&F>
<L&F>
<L&F>
<L&F>","Uniform & Accreditation Centre
Lost & Found Claims CentreUniform & Accreditation Centre
Lost & Found Claims CentreUniform & Accreditation Centre
Lost & Found Claims CentreUniform & Accreditation Centre
Lost & Found Claims CentreUniform & Accreditation Centre
Lost & Found Claims Centre",,,,Wall Mounted,Cable Ties,AG,31-Oct-17
1,"Steph 05/10, Stu 16/10",Aude 31/10,Batch 1 - 14/11,,OK,1,"WKF,ACR",UAC-115-MS,037,,,UAC-115-MS-037.,UAC-BSP-1.5x1.35,Ground,,,Uniform & Accreditation Centre,,,,To existing ,Use holes already drilled,AG,31-Oct-17
1,Stu 11/10,Aude 16/10,Batch 1 - 14/11,,OK,1,ALL,UAC152-MS,038,,,UAC152-MS-038.,FA-S,Ground,,<WCF><ACC>,Toilets,,,,Wall Mounted,Double Sided Tape,AG,31-Oct-17
1,"Stu 11/10, Stu 16/10",Aude 16/10,Batch 1 - 14/11,,OK,1,ALL,UAC152-MS,039,,,UAC152-MS-039.,FA-S,Ground,,<WCM><ACC>,Toilets,,,,Wall Mounted,Double Sided Tape,AG,31-Oct-17
1,"Steph 05/10, Stu 16/10",Aude 17/10,Batch 1 - 14/11,,OK,1,ALL,UAC152-MS,040,,,UAC152-MS-040.,PI-XS,Ground,g,<WC><ACC>,Toilets,,,,Wall Mounted,Double Sided Tape,AG,31-Oct-17
1,"Steph 05/10, Stu 16/10",Aude 17/10,Batch 1 - 14/11,,OK,1,ALL,UAC152-MS,041,,,UAC152-MS-041.,PI-XS,Ground,f,<WC><ACC>,Toilets,,,,Wall Mounted,Double Sided Tape,AG,31-Oct-17
1,Stu 16/10,Aude 16/10,Batch 1 - 14/11,,OK,1,SPS,UAC-115-MS,042,,,UAC-115-MS-042.,PO-XS.V,Ground,h,<L&F>,Lost & Found Claims Centre,,,,Glass Application,Vinyl to apply on glass,AG,31-Oct-17
2,Stu 30/10,Aude 31/10,Batch 1 - 14/11,,OK,1,WKF,UAC152-MS,043,,,UAC152-MS-043.,FA-L,Ground,,,Uniform Check-out,,,,Hanging,Cable Ties,AG,31-Oct-17
3,Steph 10/11,Aude 13/11,Batch 1 - 14/11,,OK,1,ACR,UAC-152-MS,044,,,UAC-152-MS-044.,PI-S,Ground,"
f

g
f

g
f

g
f

g","



","Accreditation Collection
Technical Officials, Games Family & Media

WorkforceAccreditation Collection
Technical Officials, Games Family & Media

WorkforceAccreditation Collection
Technical Officials, Games Family & Media

WorkforceAccreditation Collection
Technical Officials, Games Family & Media

Workforce",,,,Fence Mounted,Not on CADS - Self Install - Hand over to Accreditation Team,AG,6-Nov-17
